"","ok_sph_cor","ok_sph_lin_cor","ok_sph_mean","ok_sph_median","ok_sph_sd","ok_sph_rmse","ok_sph_msdr","ok_exp_cor","ok_exp_lin_cor","ok_exp_mean","ok_exp_median","ok_exp_sd","ok_exp_rmse","ok_exp_msdr","ok_gau_cor","ok_gau_lin_cor","ok_gau_mean","ok_gau_median","ok_gau_sd","ok_gau_rmse","ok_gau_msdr","sk_sph_cor","sk_sph_lin_cor","sk_sph_mean","sk_sph_median","sk_sph_sd","sk_sph_rmse","sk_sph_msdr","sk_exp_ccor","sk_exp_clin_cor","sk_exp_mean","sk_exp_cmedian","sk_exp_csd","sk_exp_crmse","sk_exp_cmsdr","sk_gau_cor","sk_gau_lin_cor","sk_gau_mean","sk_gau_median","sk_gau_sd","sk_gau_rmse","sk_gau_msdr","uk_sph_cor","uk_sph_lin_cor","uk_sph_mean","uk_sph_median","uk_sph_sd","uk_sph_rmse","uk_sph_msdr","uk_exp_cor","uk_exp_lin_cor","uk_exp_mean","uk_exp_median","uk_exp_sd","uk_exp_rmse","uk_exp_msdr","uk_gau_ccor","uk_gau_clin_cor","uk_gau_cmean","uk_gau_cmedian","uk_gau_csd","uk_gau_crmse","uk_gau_cmsdr"
"1",0.123622579797479,0.0893125596877573,0.140011141930099,-6.75270821450582,30.0028780878717,29.7521330067212,1.74582500151411,0.14627391974463,0.11792947513356,0.189107396807422,-5.12092867067722,30.4395782657015,30.1854416540722,3.44863726229714,0.163888293129368,0.112010990140924,0.14303309120972,-6.0200513743549,29.2944018354349,29.0496082196102,1.83026663136479,0.125448176313629,0.0896090734774228,0.736466952996858,-5.7399282091947,29.9262580763869,29.6849618042502,1.74409147299749,0.144626683005651,0.115875435806204,0.415841964960614,-5.04866686507364,30.4113605206194,30.1597346215611,3.44855377605625,0.155366765305911,0.103500672931424,0.750950234001637,-5.58347223342793,29.3027189729847,29.067205630117,1.83627343555527,0.123622579797479,0.0893125596877573,0.140011141930099,-6.75270821450582,30.0028780878717,29.7521330067212,1.74582500151411,0.14627391974463,0.11792947513356,0.189107396807422,-5.12092867067722,30.4395782657015,30.1854416540722,3.44863726229714,0.163888293129368,0.112010990140924,0.14303309120972,-6.0200513743549,29.2944018354349,29.0496082196102,1.83026663136479
